Domain Code,Domain,Area Code (M49),Area,Element Code,Element,Months Code,Months,Year Code,Year,Unit,Value
"ET","Temperature change on land","008","Albania","7271","Temperature change","7020","Meteorological year","2013","2013","°c","1.392"
"ET","Temperature change on land","008","Albania","7271","Temperature change","7020","Meteorological year","2014","2014","°c","1.332"
"ET","Temperature change on land","008","Albania","7271","Temperature change","7020","Meteorological year","2015","2015","°c","1.702"
"ET","Temperature change on land","008","Albania","7271","Temperature change","7020","Meteorological year","2016","2016","°c","1.608"
"ET","Temperature change on land","008","Albania","7271","Temperature change","7020","Meteorological year","2017","2017","°c","1.239"
"ET","Temperature change on land","008","Albania","7271","Temperature change","7020","Meteorological year","2018","2018","°c","2.155"
"ET","Temperature change on land","008","Albania","7271","Temperature change","7020","Meteorological year","2019","2019","°c","1.797"
"ET","Temperature change on land","008","Albania","7271","Temperature change","7020","Meteorological year","2020","2020","°c","1.627"
"ET","Temperature change on land","008","Albania","7271","Temperature change","7020","Meteorological year","2021","2021","°c","1.719"
"ET","Temperature change on land","008","Albania","7271","Temperature change","7020","Meteorological year","2022","2022","°c","1.701"
"ET","Temperature change on land","008","Albania","7271","Temperature change","7020","Meteorological year","2023","2023","°c","2.299"
"ET","Temperature change on land","020","Andorra","7271","Temperature change","7020","Meteorological year","2013","2013","°c","0.812"
"ET","Temperature change on land","020","Andorra","7271","Temperature change","7020","Meteorological year","2014","2014","°c","1.926"
"ET","Temperature change on land","020","Andorra","7271","Temperature change","7020","Meteorological year","2015","2015","°c","1.662"
"ET","Temperature change on land","020","Andorra","7271","Temperature change","7020","Meteorological year","2016","2016","°c","1.957"
"ET","Temperature change on land","020","Andorra","7271","Temperature change","7020","Meteorological year","2017","2017","°c","1.894"
"ET","Temperature change on land","020","Andorra","7271","Temperature change","7020","Meteorological year","2018","2018","°c","1.877"
"ET","Temperature change on land","020","Andorra","7271","Temperature change","7020","Meteorological year","2019","2019","°c","1.922"
"ET","Temperature change on land","020","Andorra","7271","Temperature change","7020","Meteorological year","2020","2020","°c","2.513"
"ET","Temperature change on land","020","Andorra","7271","Temperature change","7020","Meteorological year","2021","2021","°c","1.49"
"ET","Temperature change on land","020","Andorra","7271","Temperature change","7020","Meteorological year","2022","2022","°c","3.196"
"ET","Temperature change on land","020","Andorra","7271","Temperature change","7020","Meteorological year","2023","2023","°c","2.83"
"ET","Temperature change on land","040","Austria","7271","Temperature change","7020","Meteorological year","2013","2013","°c","1.101"
"ET","Temperature change on land","040","Austria","7271","Temperature change","7020","Meteorological year","2014","2014","°c","2.417"
"ET","Temperature change on land","040","Austria","7271","Temperature change","7020","Meteorological year","2015","2015","°c","2.179"
"ET","Temperature change on land","040","Austria","7271","Temperature change","7020","Meteorological year","2016","2016","°c","2.109"
"ET","Temperature change on land","040","Austria","7271","Temperature change","7020","Meteorological year","2017","2017","°c","1.754"
"ET","Temperature change on land","040","Austria","7271","Temperature change","7020","Meteorological year","2018","2018","°c","2.539"
"ET","Temperature change on land","040","Austria","7271","Temperature change","7020","Meteorological year","2019","2019","°c","2.382"
"ET","Temperature change on land","040","Austria","7271","Temperature change","7020","Meteorological year","2020","2020","°c","2.326"
"ET","Temperature change on land","040","Austria","7271","Temperature change","7020","Meteorological year","2021","2021","°c","1.415"
"ET","Temperature change on land","040","Austria","7271","Temperature change","7020","Meteorological year","2022","2022","°c","2.554"
"ET","Temperature change on land","040","Austria","7271","Temperature change","7020","Meteorological year","2023","2023","°c","2.612"
"ET","Temperature change on land","112","Belarus","7271","Temperature change","7020","Meteorological year","2013","2013","°c","1.217"
"ET","Temperature change on land","112","Belarus","7271","Temperature change","7020","Meteorological year","2014","2014","°c","2.183"
"ET","Temperature change on land","112","Belarus","7271","Temperature change","7020","Meteorological year","2015","2015","°c","2.252"
"ET","Temperature change on land","112","Belarus","7271","Temperature change","7020","Meteorological year","2016","2016","°c","2.212"
"ET","Temperature change on land","112","Belarus","7271","Temperature change","7020","Meteorological year","2017","2017","°c","1.605"
"ET","Temperature change on land","112","Belarus","7271","Temperature change","7020","Meteorological year","2018","2018","°c","2.35"
"ET","Temperature change on land","112","Belarus","7271","Temperature change","7020","Meteorological year","2019","2019","°c","2.683"
"ET","Temperature change on land","112","Belarus","7271","Temperature change","7020","Meteorological year","2020","2020","°c","3.522"
"ET","Temperature change on land","112","Belarus","7271","Temperature change","7020","Meteorological year","2021","2021","°c","1.709"
"ET","Temperature change on land","112","Belarus","7271","Temperature change","7020","Meteorological year","2022","2022","°c","1.911"
"ET","Temperature change on land","112","Belarus","7271","Temperature change","7020","Meteorological year","2023","2023","°c","2.721"
"ET","Temperature change on land","056","Belgium","7271","Temperature change","7020","Meteorological year","2013","2013","°c","0.479"
"ET","Temperature change on land","056","Belgium","7271","Temperature change","7020","Meteorological year","2014","2014","°c","2.426"
"ET","Temperature change on land","056","Belgium","7271","Temperature change","7020","Meteorological year","2015","2015","°c","1.379"
"ET","Temperature change on land","056","Belgium","7271","Temperature change","7020","Meteorological year","2016","2016","°c","1.892"
"ET","Temperature change on land","056","Belgium","7271","Temperature change","7020","Meteorological year","2017","2017","°c","1.723"
"ET","Temperature change on land","056","Belgium","7271","Temperature change","7020","Meteorological year","2018","2018","°c","2.173"
"ET","Temperature change on land","056","Belgium","7271","Temperature change","7020","Meteorological year","2019","2019","°c","2.056"
"ET","Temperature change on land","056","Belgium","7271","Temperature change","7020","Meteorological year","2020","2020","°c","2.544"
"ET","Temperature change on land","056","Belgium","7271","Temperature change","7020","Meteorological year","2021","2021","°c","1.174"
"ET","Temperature change on land","056","Belgium","7271","Temperature change","7020","Meteorological year","2022","2022","°c","2.773"
"ET","Temperature change on land","056","Belgium","7271","Temperature change","7020","Meteorological year","2023","2023","°c","2.408"
"ET","Temperature change on land","070","Bosnia and Herzegovina","7271","Temperature change","7020","Meteorological year","2013","2013","°c","1.372"
"ET","Temperature change on land","070","Bosnia and Herzegovina","7271","Temperature change","7020","Meteorological year","2014","2014","°c","1.88"
"ET","Temperature change on land","070","Bosnia and Herzegovina","7271","Temperature change","7020","Meteorological year","2015","2015","°c","1.864"
"ET","Temperature change on land","070","Bosnia and Herzegovina","7271","Temperature change","7020","Meteorological year","2016","2016","°c","1.724"
"ET","Temperature change on land","070","Bosnia and Herzegovina","7271","Temperature change","7020","Meteorological year","2017","2017","°c","1.462"
"ET","Temperature change on land","070","Bosnia and Herzegovina","7271","Temperature change","7020","Meteorological year","2018","2018","°c","2.319"
"ET","Temperature change on land","070","Bosnia and Herzegovina","7271","Temperature change","7020","Meteorological year","2019","2019","°c","2.033"
"ET","Temperature change on land","070","Bosnia and Herzegovina","7271","Temperature change","7020","Meteorological year","2020","2020","°c","1.92"
"ET","Temperature change on land","070","Bosnia and Herzegovina","7271","Temperature change","7020","Meteorological year","2021","2021","°c","1.648"
"ET","Temperature change on land","070","Bosnia and Herzegovina","7271","Temperature change","7020","Meteorological year","2022","2022","°c","2.179"
"ET","Temperature change on land","070","Bosnia and Herzegovina","7271","Temperature change","7020","Meteorological year","2023","2023","°c","2.562"
"ET","Temperature change on land","100","Bulgaria","7271","Temperature change","7020","Meteorological year","2013","2013","°c","1.423"
"ET","Temperature change on land","100","Bulgaria","7271","Temperature change","7020","Meteorological year","2014","2014","°c","1.167"
"ET","Temperature change on land","100","Bulgaria","7271","Temperature change","7020","Meteorological year","2015","2015","°c","1.417"
"ET","Temperature change on land","100","Bulgaria","7271","Temperature change","7020","Meteorological year","2016","2016","°c","1.876"
"ET","Temperature change on land","100","Bulgaria","7271","Temperature change","7020","Meteorological year","2017","2017","°c","0.929"
"ET","Temperature change on land","100","Bulgaria","7271","Temperature change","7020","Meteorological year","2018","2018","°c","2.158"
"ET","Temperature change on land","100","Bulgaria","7271","Temperature change","7020","Meteorological year","2019","2019","°c","2.07"
"ET","Temperature change on land","100","Bulgaria","7271","Temperature change","7020","Meteorological year","2020","2020","°c","1.987"
"ET","Temperature change on land","100","Bulgaria","7271","Temperature change","7020","Meteorological year","2021","2021","°c","1.567"
"ET","Temperature change on land","100","Bulgaria","7271","Temperature change","7020","Meteorological year","2022","2022","°c","1.837"
"ET","Temperature change on land","100","Bulgaria","7271","Temperature change","7020","Meteorological year","2023","2023","°c","2.646"
"ET","Temperature change on land","830","Channel Islands","7271","Temperature change","7020","Meteorological year","2013","2013","°c","0.611"
"ET","Temperature change on land","830","Channel Islands","7271","Temperature change","7020","Meteorological year","2014","2014","°c","1.836"
"ET","Temperature change on land","830","Channel Islands","7271","Temperature change","7020","Meteorological year","2015","2015","°c","1.161"
"ET","Temperature change on land","830","Channel Islands","7271","Temperature change","7020","Meteorological year","2016","2016","°c","1.533"
"ET","Temperature change on land","830","Channel Islands","7271","Temperature change","7020","Meteorological year","2017","2017","°c","1.508"
"ET","Temperature change on land","830","Channel Islands","7271","Temperature change","7020","Meteorological year","2018","2018","°c","1.457"
"ET","Temperature change on land","830","Channel Islands","7271","Temperature change","7020","Meteorological year","2019","2019","°c","1.573"
"ET","Temperature change on land","830","Channel Islands","7271","Temperature change","7020","Meteorological year","2020","2020","°c","2.008"
"ET","Temperature change on land","830","Channel Islands","7271","Temperature change","7020","Meteorological year","2021","2021","°c","1.055"
"ET","Temperature change on land","830","Channel Islands","7271","Temperature change","7020","Meteorological year","2022","2022","°c","2.439"
"ET","Temperature change on land","830","Channel Islands","7271","Temperature change","7020","Meteorological year","2023","2023","°c","2.042"
"ET","Temperature change on land","191","Croatia","7271","Temperature change","7020","Meteorological year","2013","2013","°c","1.289"
"ET","Temperature change on land","191","Croatia","7271","Temperature change","7020","Meteorological year","2014","2014","°c","2.049"
"ET","Temperature change on land","191","Croatia","7271","Temperature change","7020","Meteorological year","2015","2015","°c","1.934"
"ET","Temperature change on land","191","Croatia","7271","Temperature change","7020","Meteorological year","2016","2016","°c","1.844"
"ET","Temperature change on land","191","Croatia","7271","Temperature change","7020","Meteorological year","2017","2017","°c","1.559"
"ET","Temperature change on land","191","Croatia","7271","Temperature change","7020","Meteorological year","2018","2018","°c","2.317"
"ET","Temperature change on land","191","Croatia","7271","Temperature change","7020","Meteorological year","2019","2019","°c","2.114"
"ET","Temperature change on land","191","Croatia","7271","Temperature change","7020","Meteorological year","2020","2020","°c","2.02"
"ET","Temperature change on land","191","Croatia","7271","Temperature change","7020","Meteorological year","2021","2021","°c","1.619"
"ET","Temperature change on land","191","Croatia","7271","Temperature change","7020","Meteorological year","2022","2022","°c","2.295"
"ET","Temperature change on land","191","Croatia","7271","Temperature change","7020","Meteorological year","2023","2023","°c","2.567"
"ET","Temperature change on land","203","Czechia","7271","Temperature change","7020","Meteorological year","2013","2013","°c","0.779"
"ET","Temperature change on land","203","Czechia","7271","Temperature change","7020","Meteorological year","2014","2014","°c","2.507"
"ET","Temperature change on land","203","Czechia","7271","Temperature change","7020","Meteorological year","2015","2015","°c","2.124"
"ET","Temperature change on land","203","Czechia","7271","Temperature change","7020","Meteorological year","2016","2016","°c","2.08"
"ET","Temperature change on land","203","Czechia","7271","Temperature change","7020","Meteorological year","2017","2017","°c","1.597"
"ET","Temperature change on land","203","Czechia","7271","Temperature change","7020","Meteorological year","2018","2018","°c","2.654"
"ET","Temperature change on land","203","Czechia","7271","Temperature change","7020","Meteorological year","2019","2019","°c","2.542"
"ET","Temperature change on land","203","Czechia","7271","Temperature change","7020","Meteorological year","2020","2020","°c","2.343"
"ET","Temperature change on land","203","Czechia","7271","Temperature change","7020","Meteorological year","2021","2021","°c","1.299"
"ET","Temperature change on land","203","Czechia","7271","Temperature change","7020","Meteorological year","2022","2022","°c","2.371"
"ET","Temperature change on land","203","Czechia","7271","Temperature change","7020","Meteorological year","2023","2023","°c","2.495"
"ET","Temperature change on land","208","Denmark","7271","Temperature change","7020","Meteorological year","2013","2013","°c","0.399"
"ET","Temperature change on land","208","Denmark","7271","Temperature change","7020","Meteorological year","2014","2014","°c","2.675"
"ET","Temperature change on land","208","Denmark","7271","Temperature change","7020","Meteorological year","2015","2015","°c","1.517"
"ET","Temperature change on land","208","Denmark","7271","Temperature change","7020","Meteorological year","2016","2016","°c","1.849"
"ET","Temperature change on land","208","Denmark","7271","Temperature change","7020","Meteorological year","2017","2017","°c","1.62"
"ET","Temperature change on land","208","Denmark","7271","Temperature change","7020","Meteorological year","2018","2018","°c","2.105"
"ET","Temperature change on land","208","Denmark","7271","Temperature change","7020","Meteorological year","2019","2019","°c","2.175"
"ET","Temperature change on land","208","Denmark","7271","Temperature change","7020","Meteorological year","2020","2020","°c","2.633"
"ET","Temperature change on land","208","Denmark","7271","Temperature change","7020","Meteorological year","2021","2021","°c","1.688"
"ET","Temperature change on land","208","Denmark","7271","Temperature change","7020","Meteorological year","2022","2022","°c","2.232"
"ET","Temperature change on land","208","Denmark","7271","Temperature change","7020","Meteorological year","2023","2023","°c","1.884"
"ET","Temperature change on land","233","Estonia","7271","Temperature change","7020","Meteorological year","2013","2013","°c","1.149"
"ET","Temperature change on land","233","Estonia","7271","Temperature change","7020","Meteorological year","2014","2014","°c","2.406"
"ET","Temperature change on land","233","Estonia","7271","Temperature change","7020","Meteorological year","2015","2015","°c","2.338"
"ET","Temperature change on land","233","Estonia","7271","Temperature change","7020","Meteorological year","2016","2016","°c","1.901"
"ET","Temperature change on land","233","Estonia","7271","Temperature change","7020","Meteorological year","2017","2017","°c","1.466"
"ET","Temperature change on land","233","Estonia","7271","Temperature change","7020","Meteorological year","2018","2018","°c","2.379"
"ET","Temperature change on land","233","Estonia","7271","Temperature change","7020","Meteorological year","2019","2019","°c","2.182"
"ET","Temperature change on land","233","Estonia","7271","Temperature change","7020","Meteorological year","2020","2020","°c","3.584"
"ET","Temperature change on land","233","Estonia","7271","Temperature change","7020","Meteorological year","2021","2021","°c","2.122"
"ET","Temperature change on land","233","Estonia","7271","Temperature change","7020","Meteorological year","2022","2022","°c","1.942"
"ET","Temperature change on land","233","Estonia","7271","Temperature change","7020","Meteorological year","2023","2023","°c","2.16"
"ET","Temperature change on land","234","Faroe Islands","7271","Temperature change","7020","Meteorological year","2013","2013","°c","0.661"
"ET","Temperature change on land","234","Faroe Islands","7271","Temperature change","7020","Meteorological year","2014","2014","°c","1.833"
"ET","Temperature change on land","234","Faroe Islands","7271","Temperature change","7020","Meteorological year","2015","2015","°c","0.882"
"ET","Temperature change on land","234","Faroe Islands","7271","Temperature change","7020","Meteorological year","2016","2016","°c","0.873"
"ET","Temperature change on land","234","Faroe Islands","7271","Temperature change","7020","Meteorological year","2017","2017","°c","1.559"
"ET","Temperature change on land","234","Faroe Islands","7271","Temperature change","7020","Meteorological year","2018","2018","°c","0.901"
"ET","Temperature change on land","234","Faroe Islands","7271","Temperature change","7020","Meteorological year","2019","2019","°c","0.942"
"ET","Temperature change on land","234","Faroe Islands","7271","Temperature change","7020","Meteorological year","2020","2020","°c","0.909"
"ET","Temperature change on land","234","Faroe Islands","7271","Temperature change","7020","Meteorological year","2021","2021","°c","1.055"
"ET","Temperature change on land","234","Faroe Islands","7271","Temperature change","7020","Meteorological year","2022","2022","°c","1.311"
"ET","Temperature change on land","234","Faroe Islands","7271","Temperature change","7020","Meteorological year","2023","2023","°c","0.76"
"ET","Temperature change on land","246","Finland","7271","Temperature change","7020","Meteorological year","2013","2013","°c","1.42"
"ET","Temperature change on land","246","Finland","7271","Temperature change","7020","Meteorological year","2014","2014","°c","2.58"
"ET","Temperature change on land","246","Finland","7271","Temperature change","7020","Meteorological year","2015","2015","°c","2.604"
"ET","Temperature change on land","246","Finland","7271","Temperature change","7020","Meteorological year","2016","2016","°c","2.147"
"ET","Temperature change on land","246","Finland","7271","Temperature change","7020","Meteorological year","2017","2017","°c","1.48"
"ET","Temperature change on land","246","Finland","7271","Temperature change","7020","Meteorological year","2018","2018","°c","2.151"
"ET","Temperature change on land","246","Finland","7271","Temperature change","7020","Meteorological year","2019","2019","°c","1.446"
"ET","Temperature change on land","246","Finland","7271","Temperature change","7020","Meteorological year","2020","2020","°c","3.316"
"ET","Temperature change on land","246","Finland","7271","Temperature change","7020","Meteorological year","2021","2021","°c","1.937"
"ET","Temperature change on land","246","Finland","7271","Temperature change","7020","Meteorological year","2022","2022","°c","2.051"
"ET","Temperature change on land","246","Finland","7271","Temperature change","7020","Meteorological year","2023","2023","°c","1.879"
"ET","Temperature change on land","250","France","7271","Temperature change","7020","Meteorological year","2013","2013","°c","0.728"
"ET","Temperature change on land","250","France","7271","Temperature change","7020","Meteorological year","2014","2014","°c","2.07"
"ET","Temperature change on land","250","France","7271","Temperature change","7020","Meteorological year","2015","2015","°c","1.621"
"ET","Temperature change on land","250","France","7271","Temperature change","7020","Meteorological year","2016","2016","°c","1.797"
"ET","Temperature change on land","250","France","7271","Temperature change","7020","Meteorological year","2017","2017","°c","1.792"
"ET","Temperature change on land","250","France","7271","Temperature change","7020","Meteorological year","2018","2018","°c","2.032"
"ET","Temperature change on land","250","France","7271","Temperature change","7020","Meteorological year","2019","2019","°c","1.998"
"ET","Temperature change on land","250","France","7271","Temperature change","7020","Meteorological year","2020","2020","°c","2.527"
"ET","Temperature change on land","250","France","7271","Temperature change","7020","Meteorological year","2021","2021","°c","1.309"
"ET","Temperature change on land","250","France","7271","Temperature change","7020","Meteorological year","2022","2022","°c","2.906"
"ET","Temperature change on land","250","France","7271","Temperature change","7020","Meteorological year","2023","2023","°c","2.623"
"ET","Temperature change on land","276","Germany","7271","Temperature change","7020","Meteorological year","2013","2013","°c","0.584"
"ET","Temperature change on land","276","Germany","7271","Temperature change","7020","Meteorological year","2014","2014","°c","2.519"
"ET","Temperature change on land","276","Germany","7271","Temperature change","7020","Meteorological year","2015","2015","°c","1.675"
"ET","Temperature change on land","276","Germany","7271","Temperature change","7020","Meteorological year","2016","2016","°c","1.989"
"ET","Temperature change on land","276","Germany","7271","Temperature change","7020","Meteorological year","2017","2017","°c","1.652"
"ET","Temperature change on land","276","Germany","7271","Temperature change","7020","Meteorological year","2018","2018","°c","2.393"
"ET","Temperature change on land","276","Germany","7271","Temperature change","7020","Meteorological year","2019","2019","°c","2.328"
"ET","Temperature change on land","276","Germany","7271","Temperature change","7020","Meteorological year","2020","2020","°c","2.512"
"ET","Temperature change on land","276","Germany","7271","Temperature change","7020","Meteorological year","2021","2021","°c","1.321"
"ET","Temperature change on land","276","Germany","7271","Temperature change","7020","Meteorological year","2022","2022","°c","2.593"
"ET","Temperature change on land","276","Germany","7271","Temperature change","7020","Meteorological year","2023","2023","°c","2.458"
"ET","Temperature change on land","292","Gibraltar","7271","Temperature change","7020","Meteorological year","2013","2013","°c","0.792"
"ET","Temperature change on land","292","Gibraltar","7271","Temperature change","7020","Meteorological year","2014","2014","°c","1.365"
"ET","Temperature change on land","292","Gibraltar","7271","Temperature change","7020","Meteorological year","2015","2015","°c","1.311"
"ET","Temperature change on land","292","Gibraltar","7271","Temperature change","7020","Meteorological year","2016","2016","°c","1.677"
"ET","Temperature change on land","292","Gibraltar","7271","Temperature change","7020","Meteorological year","2017","2017","°c","1.97"
"ET","Temperature change on land","292","Gibraltar","7271","Temperature change","7020","Meteorological year","2018","2018","°c","0.668"
"ET","Temperature change on land","292","Gibraltar","7271","Temperature change","7020","Meteorological year","2019","2019","°c","1.248"
"ET","Temperature change on land","292","Gibraltar","7271","Temperature change","7020","Meteorological year","2020","2020","°c","1.87"
"ET","Temperature change on land","292","Gibraltar","7271","Temperature change","7020","Meteorological year","2021","2021","°c","1.401"
"ET","Temperature change on land","292","Gibraltar","7271","Temperature change","7020","Meteorological year","2022","2022","°c","2.14"
"ET","Temperature change on land","292","Gibraltar","7271","Temperature change","7020","Meteorological year","2023","2023","°c","2.486"
"ET","Temperature change on land","300","Greece","7271","Temperature change","7020","Meteorological year","2013","2013","°c","1.316"
"ET","Temperature change on land","300","Greece","7271","Temperature change","7020","Meteorological year","2014","2014","°c","1.068"
"ET","Temperature change on land","300","Greece","7271","Temperature change","7020","Meteorological year","2015","2015","°c","0.894"
"ET","Temperature change on land","300","Greece","7271","Temperature change","7020","Meteorological year","2016","2016","°c","1.565"
"ET","Temperature change on land","300","Greece","7271","Temperature change","7020","Meteorological year","2017","2017","°c","0.639"
"ET","Temperature change on land","300","Greece","7271","Temperature change","7020","Meteorological year","2018","2018","°c","1.895"
"ET","Temperature change on land","300","Greece","7271","Temperature change","7020","Meteorological year","2019","2019","°c","1.363"
"ET","Temperature change on land","300","Greece","7271","Temperature change","7020","Meteorological year","2020","2020","°c","1.275"
"ET","Temperature change on land","300","Greece","7271","Temperature change","7020","Meteorological year","2021","2021","°c","1.631"
"ET","Temperature change on land","300","Greece","7271","Temperature change","7020","Meteorological year","2022","2022","°c","1.049"
"ET","Temperature change on land","300","Greece","7271","Temperature change","7020","Meteorological year","2023","2023","°c","1.893"
"ET","Temperature change on land","336","Holy See","7271","Temperature change","7020","Meteorological year","2013","2013","°c","0.875"
"ET","Temperature change on land","336","Holy See","7271","Temperature change","7020","Meteorological year","2014","2014","°c","1.323"
"ET","Temperature change on land","336","Holy See","7271","Temperature change","7020","Meteorological year","2015","2015","°c","1.451"
"ET","Temperature change on land","336","Holy See","7271","Temperature change","7020","Meteorological year","2016","2016","°c","1.532"
"ET","Temperature change on land","336","Holy See","7271","Temperature change","7020","Meteorological year","2017","2017","°c","1.26"
"ET","Temperature change on land","336","Holy See","7271","Temperature change","7020","Meteorological year","2018","2018","°c","1.757"
"ET","Temperature change on land","336","Holy See","7271","Temperature change","7020","Meteorological year","2019","2019","°c","1.395"
"ET","Temperature change on land","336","Holy See","7271","Temperature change","7020","Meteorological year","2020","2020","°c","1.571"
"ET","Temperature change on land","336","Holy See","7271","Temperature change","7020","Meteorological year","2021","2021","°c","1.409"
"ET","Temperature change on land","336","Holy See","7271","Temperature change","7020","Meteorological year","2022","2022","°c","1.886"
"ET","Temperature change on land","336","Holy See","7271","Temperature change","7020","Meteorological year","2023","2023","°c","2.056"
"ET","Temperature change on land","348","Hungary","7271","Temperature change","7020","Meteorological year","2013","2013","°c","1.168"
"ET","Temperature change on land","348","Hungary","7271","Temperature change","7020","Meteorological year","2014","2014","°c","2.209"
"ET","Temperature change on land","348","Hungary","7271","Temperature change","7020","Meteorological year","2015","2015","°c","2.053"
"ET","Temperature change on land","348","Hungary","7271","Temperature change","7020","Meteorological year","2016","2016","°c","1.883"
"ET","Temperature change on land","348","Hungary","7271","Temperature change","7020","Meteorological year","2017","2017","°c","1.327"
"ET","Temperature change on land","348","Hungary","7271","Temperature change","7020","Meteorological year","2018","2018","°c","2.513"
"ET","Temperature change on land","348","Hungary","7271","Temperature change","7020","Meteorological year","2019","2019","°c","2.339"
"ET","Temperature change on land","348","Hungary","7271","Temperature change","7020","Meteorological year","2020","2020","°c","1.978"
"ET","Temperature change on land","348","Hungary","7271","Temperature change","7020","Meteorological year","2021","2021","°c","1.422"
"ET","Temperature change on land","348","Hungary","7271","Temperature change","7020","Meteorological year","2022","2022","°c","2.114"
"ET","Temperature change on land","348","Hungary","7271","Temperature change","7020","Meteorological year","2023","2023","°c","2.526"
"ET","Temperature change on land","352","Iceland","7271","Temperature change","7020","Meteorological year","2013","2013","°c","0.703"
"ET","Temperature change on land","352","Iceland","7271","Temperature change","7020","Meteorological year","2014","2014","°c","1.621"
"ET","Temperature change on land","352","Iceland","7271","Temperature change","7020","Meteorological year","2015","2015","°c","0.378"
"ET","Temperature change on land","352","Iceland","7271","Temperature change","7020","Meteorological year","2016","2016","°c","1.372"
"ET","Temperature change on land","352","Iceland","7271","Temperature change","7020","Meteorological year","2017","2017","°c","1.658"
"ET","Temperature change on land","352","Iceland","7271","Temperature change","7020","Meteorological year","2018","2018","°c","0.785"
"ET","Temperature change on land","352","Iceland","7271","Temperature change","7020","Meteorological year","2019","2019","°c","1.294"
"ET","Temperature change on land","352","Iceland","7271","Temperature change","7020","Meteorological year","2020","2020","°c","0.752"
"ET","Temperature change on land","352","Iceland","7271","Temperature change","7020","Meteorological year","2021","2021","°c","0.892"
"ET","Temperature change on land","352","Iceland","7271","Temperature change","7020","Meteorological year","2022","2022","°c","1.174"
"ET","Temperature change on land","352","Iceland","7271","Temperature change","7020","Meteorological year","2023","2023","°c","0.509"
"ET","Temperature change on land","372","Ireland","7271","Temperature change","7020","Meteorological year","2013","2013","°c","0.559"
"ET","Temperature change on land","372","Ireland","7271","Temperature change","7020","Meteorological year","2014","2014","°c","1.304"
"ET","Temperature change on land","372","Ireland","7271","Temperature change","7020","Meteorological year","2015","2015","°c","0.368"
"ET","Temperature change on land","372","Ireland","7271","Temperature change","7020","Meteorological year","2016","2016","°c","0.966"
"ET","Temperature change on land","372","Ireland","7271","Temperature change","7020","Meteorological year","2017","2017","°c","1.194"
"ET","Temperature change on land","372","Ireland","7271","Temperature change","7020","Meteorological year","2018","2018","°c","0.71"
"ET","Temperature change on land","372","Ireland","7271","Temperature change","7020","Meteorological year","2019","2019","°c","1.125"
"ET","Temperature change on land","372","Ireland","7271","Temperature change","7020","Meteorological year","2020","2020","°c","1.003"
"ET","Temperature change on land","372","Ireland","7271","Temperature change","7020","Meteorological year","2021","2021","°c","0.946"
"ET","Temperature change on land","372","Ireland","7271","Temperature change","7020","Meteorological year","2022","2022","°c","1.687"
"ET","Temperature change on land","372","Ireland","7271","Temperature change","7020","Meteorological year","2023","2023","°c","1.544"
"ET","Temperature change on land","833","Isle of Man","7271","Temperature change","7020","Meteorological year","2013","2013","°c","0.423"
"ET","Temperature change on land","833","Isle of Man","7271","Temperature change","7020","Meteorological year","2014","2014","°c","1.462"
"ET","Temperature change on land","833","Isle of Man","7271","Temperature change","7020","Meteorological year","2015","2015","°c","0.348"
"ET","Temperature change on land","833","Isle of Man","7271","Temperature change","7020","Meteorological year","2016","2016","°c","1.043"
"ET","Temperature change on land","833","Isle of Man","7271","Temperature change","7020","Meteorological year","2017","2017","°c","1.306"
"ET","Temperature change on land","833","Isle of Man","7271","Temperature change","7020","Meteorological year","2018","2018","°c","0.82"
"ET","Temperature change on land","833","Isle of Man","7271","Temperature change","7020","Meteorological year","2019","2019","°c","1.116"
"ET","Temperature change on land","833","Isle of Man","7271","Temperature change","7020","Meteorological year","2020","2020","°c","1.155"
"ET","Temperature change on land","833","Isle of Man","7271","Temperature change","7020","Meteorological year","2021","2021","°c","0.979"
"ET","Temperature change on land","833","Isle of Man","7271","Temperature change","7020","Meteorological year","2022","2022","°c","1.796"
"ET","Temperature change on land","833","Isle of Man","7271","Temperature change","7020","Meteorological year","2023","2023","°c","1.525"
"ET","Temperature change on land","380","Italy","7271","Temperature change","7020","Meteorological year","2013","2013","°c","1.039"
"ET","Temperature change on land","380","Italy","7271","Temperature change","7020","Meteorological year","2014","2014","°c","1.655"
"ET","Temperature change on land","380","Italy","7271","Temperature change","7020","Meteorological year","2015","2015","°c","1.726"
"ET","Temperature change on land","380","Italy","7271","Temperature change","7020","Meteorological year","2016","2016","°c","1.735"
"ET","Temperature change on land","380","Italy","7271","Temperature change","7020","Meteorological year","2017","2017","°c","1.642"
"ET","Temperature change on land","380","Italy","7271","Temperature change","7020","Meteorological year","2018","2018","°c","1.862"
"ET","Temperature change on land","380","Italy","7271","Temperature change","7020","Meteorological year","2019","2019","°c","1.69"
"ET","Temperature change on land","380","Italy","7271","Temperature change","7020","Meteorological year","2020","2020","°c","1.91"
"ET","Temperature change on land","380","Italy","7271","Temperature change","7020","Meteorological year","2021","2021","°c","1.603"
"ET","Temperature change on land","380","Italy","7271","Temperature change","7020","Meteorological year","2022","2022","°c","2.184"
"ET","Temperature change on land","380","Italy","7271","Temperature change","7020","Meteorological year","2023","2023","°c","2.32"
"ET","Temperature change on land","428","Latvia","7271","Temperature change","7020","Meteorological year","2013","2013","°c","1.055"
"ET","Temperature change on land","428","Latvia","7271","Temperature change","7020","Meteorological year","2014","2014","°c","2.302"
"ET","Temperature change on land","428","Latvia","7271","Temperature change","7020","Meteorological year","2015","2015","°c","2.139"
"ET","Temperature change on land","428","Latvia","7271","Temperature change","7020","Meteorological year","2016","2016","°c","1.921"
"ET","Temperature change on land","428","Latvia","7271","Temperature change","7020","Meteorological year","2017","2017","°c","1.479"
"ET","Temperature change on land","428","Latvia","7271","Temperature change","7020","Meteorological year","2018","2018","°c","2.336"
"ET","Temperature change on land","428","Latvia","7271","Temperature change","7020","Meteorological year","2019","2019","°c","2.427"
"ET","Temperature change on land","428","Latvia","7271","Temperature change","7020","Meteorological year","2020","2020","°c","3.52"
"ET","Temperature change on land","428","Latvia","7271","Temperature change","7020","Meteorological year","2021","2021","°c","1.953"
"ET","Temperature change on land","428","Latvia","7271","Temperature change","7020","Meteorological year","2022","2022","°c","1.929"
"ET","Temperature change on land","428","Latvia","7271","Temperature change","7020","Meteorological year","2023","2023","°c","2.313"
"ET","Temperature change on land","438","Liechtenstein","7271","Temperature change","7020","Meteorological year","2013","2013","°c","0.954"
"ET","Temperature change on land","438","Liechtenstein","7271","Temperature change","7020","Meteorological year","2014","2014","°c","2.273"
"ET","Temperature change on land","438","Liechtenstein","7271","Temperature change","7020","Meteorological year","2015","2015","°c","2.086"
"ET","Temperature change on land","438","Liechtenstein","7271","Temperature change","7020","Meteorological year","2016","2016","°c","2.074"
"ET","Temperature change on land","438","Liechtenstein","7271","Temperature change","7020","Meteorological year","2017","2017","°c","1.838"
"ET","Temperature change on land","438","Liechtenstein","7271","Temperature change","7020","Meteorological year","2018","2018","°c","2.314"
"ET","Temperature change on land","438","Liechtenstein","7271","Temperature change","7020","Meteorological year","2019","2019","°c","2.13"
"ET","Temperature change on land","438","Liechtenstein","7271","Temperature change","7020","Meteorological year","2020","2020","°c","2.415"
"ET","Temperature change on land","438","Liechtenstein","7271","Temperature change","7020","Meteorological year","2021","2021","°c","1.295"
"ET","Temperature change on land","438","Liechtenstein","7271","Temperature change","7020","Meteorological year","2022","2022","°c","2.679"
"ET","Temperature change on land","438","Liechtenstein","7271","Temperature change","7020","Meteorological year","2023","2023","°c","2.707"
"ET","Temperature change on land","440","Lithuania","7271","Temperature change","7020","Meteorological year","2013","2013","°c","0.95"
"ET","Temperature change on land","440","Lithuania","7271","Temperature change","7020","Meteorological year","2014","2014","°c","2.224"
"ET","Temperature change on land","440","Lithuania","7271","Temperature change","7020","Meteorological year","2015","2015","°c","2.09"
"ET","Temperature change on land","440","Lithuania","7271","Temperature change","7020","Meteorological year","2016","2016","°c","1.937"
"ET","Temperature change on land","440","Lithuania","7271","Temperature change","7020","Meteorological year","2017","2017","°c","1.534"
"ET","Temperature change on land","440","Lithuania","7271","Temperature change","7020","Meteorological year","2018","2018","°c","2.419"
"ET","Temperature change on land","440","Lithuania","7271","Temperature change","7020","Meteorological year","2019","2019","°c","2.612"
"ET","Temperature change on land","440","Lithuania","7271","Temperature change","7020","Meteorological year","2020","2020","°c","3.418"
"ET","Temperature change on land","440","Lithuania","7271","Temperature change","7020","Meteorological year","2021","2021","°c","1.764"
"ET","Temperature change on land","440","Lithuania","7271","Temperature change","7020","Meteorological year","2022","2022","°c","1.941"
"ET","Temperature change on land","440","Lithuania","7271","Temperature change","7020","Meteorological year","2023","2023","°c","2.468"
"ET","Temperature change on land","442","Luxembourg","7271","Temperature change","7020","Meteorological year","2013","2013","°c","0.586"
"ET","Temperature change on land","442","Luxembourg","7271","Temperature change","7020","Meteorological year","2014","2014","°c","2.488"
"ET","Temperature change on land","442","Luxembourg","7271","Temperature change","7020","Meteorological year","2015","2015","°c","1.538"
"ET","Temperature change on land","442","Luxembourg","7271","Temperature change","7020","Meteorological year","2016","2016","°c","1.892"
"ET","Temperature change on land","442","Luxembourg","7271","Temperature change","7020","Meteorological year","2017","2017","°c","1.66"
"ET","Temperature change on land","442","Luxembourg","7271","Temperature change","7020","Meteorological year","2018","2018","°c","2.476"
"ET","Temperature change on land","442","Luxembourg","7271","Temperature change","7020","Meteorological year","2019","2019","°c","2.164"
"ET","Temperature change on land","442","Luxembourg","7271","Temperature change","7020","Meteorological year","2020","2020","°c","2.636"
"ET","Temperature change on land","442","Luxembourg","7271","Temperature change","7020","Meteorological year","2021","2021","°c","1.161"
"ET","Temperature change on land","442","Luxembourg","7271","Temperature change","7020","Meteorological year","2022","2022","°c","2.92"
"ET","Temperature change on land","442","Luxembourg","7271","Temperature change","7020","Meteorological year","2023","2023","°c","2.596"
"ET","Temperature change on land","470","Malta","7271","Temperature change","7020","Meteorological year","2013","2013","°c","1.499"
"ET","Temperature change on land","470","Malta","7271","Temperature change","7020","Meteorological year","2014","2014","°c","1.62"
"ET","Temperature change on land","470","Malta","7271","Temperature change","7020","Meteorological year","2015","2015","°c","1.618"
"ET","Temperature change on land","470","Malta","7271","Temperature change","7020","Meteorological year","2016","2016","°c","1.857"
"ET","Temperature change on land","470","Malta","7271","Temperature change","7020","Meteorological year","2017","2017","°c","1.332"
"ET","Temperature change on land","470","Malta","7271","Temperature change","7020","Meteorological year","2018","2018","°c","1.555"
"ET","Temperature change on land","470","Malta","7271","Temperature change","7020","Meteorological year","2019","2019","°c","1.405"
"ET","Temperature change on land","470","Malta","7271","Temperature change","7020","Meteorological year","2020","2020","°c","1.712"
"ET","Temperature change on land","470","Malta","7271","Temperature change","7020","Meteorological year","2021","2021","°c","2.199"
"ET","Temperature change on land","470","Malta","7271","Temperature change","7020","Meteorological year","2022","2022","°c","2.079"
"ET","Temperature change on land","470","Malta","7271","Temperature change","7020","Meteorological year","2023","2023","°c","2.417"
"ET","Temperature change on land","492","Monaco","7271","Temperature change","7020","Meteorological year","2013","2013","°c","0.802"
"ET","Temperature change on land","492","Monaco","7271","Temperature change","7020","Meteorological year","2014","2014","°c","1.909"
"ET","Temperature change on land","492","Monaco","7271","Temperature change","7020","Meteorological year","2015","2015","°c","1.992"
"ET","Temperature change on land","492","Monaco","7271","Temperature change","7020","Meteorological year","2016","2016","°c","1.831"
"ET","Temperature change on land","492","Monaco","7271","Temperature change","7020","Meteorological year","2017","2017","°c","2.038"
"ET","Temperature change on land","492","Monaco","7271","Temperature change","7020","Meteorological year","2018","2018","°c","2.018"
"ET","Temperature change on land","492","Monaco","7271","Temperature change","7020","Meteorological year","2019","2019","°c","2.027"
"ET","Temperature change on land","492","Monaco","7271","Temperature change","7020","Meteorological year","2020","2020","°c","2.314"
"ET","Temperature change on land","492","Monaco","7271","Temperature change","7020","Meteorological year","2021","2021","°c","1.595"
"ET","Temperature change on land","492","Monaco","7271","Temperature change","7020","Meteorological year","2022","2022","°c","2.832"
"ET","Temperature change on land","492","Monaco","7271","Temperature change","7020","Meteorological year","2023","2023","°c","2.481"
"ET","Temperature change on land","499","Montenegro","7271","Temperature change","7020","Meteorological year","2013","2013","°c","1.483"
"ET","Temperature change on land","499","Montenegro","7271","Temperature change","7020","Meteorological year","2014","2014","°c","1.585"
"ET","Temperature change on land","499","Montenegro","7271","Temperature change","7020","Meteorological year","2015","2015","°c","1.776"
"ET","Temperature change on land","499","Montenegro","7271","Temperature change","7020","Meteorological year","2016","2016","°c","1.55"
"ET","Temperature change on land","499","Montenegro","7271","Temperature change","7020","Meteorological year","2017","2017","°c","1.333"
"ET","Temperature change on land","499","Montenegro","7271","Temperature change","7020","Meteorological year","2018","2018","°c","2.293"
"ET","Temperature change on land","499","Montenegro","7271","Temperature change","7020","Meteorological year","2019","2019","°c","1.892"
"ET","Temperature change on land","499","Montenegro","7271","Temperature change","7020","Meteorological year","2020","2020","°c","1.761"
"ET","Temperature change on land","499","Montenegro","7271","Temperature change","7020","Meteorological year","2021","2021","°c","1.686"
"ET","Temperature change on land","499","Montenegro","7271","Temperature change","7020","Meteorological year","2022","2022","°c","1.966"
"ET","Temperature change on land","499","Montenegro","7271","Temperature change","7020","Meteorological year","2023","2023","°c","2.505"
"ET","Temperature change on land","528","Netherlands (Kingdom of the)","7271","Temperature change","7020","Meteorological year","2013","2013","°c","0.44"
"ET","Temperature change on land","528","Netherlands (Kingdom of the)","7271","Temperature change","7020","Meteorological year","2014","2014","°c","2.572"
"ET","Temperature change on land","528","Netherlands (Kingdom of the)","7271","Temperature change","7020","Meteorological year","2015","2015","°c","1.298"
"ET","Temperature change on land","528","Netherlands (Kingdom of the)","7271","Temperature change","7020","Meteorological year","2016","2016","°c","1.943"
"ET","Temperature change on land","528","Netherlands (Kingdom of the)","7271","Temperature change","7020","Meteorological year","2017","2017","°c","1.728"
"ET","Temperature change on land","528","Netherlands (Kingdom of the)","7271","Temperature change","7020","Meteorological year","2018","2018","°c","2.132"
"ET","Temperature change on land","528","Netherlands (Kingdom of the)","7271","Temperature change","7020","Meteorological year","2019","2019","°c","2.136"
"ET","Temperature change on land","528","Netherlands (Kingdom of the)","7271","Temperature change","7020","Meteorological year","2020","2020","°c","2.473"
"ET","Temperature change on land","528","Netherlands (Kingdom of the)","7271","Temperature change","7020","Meteorological year","2021","2021","°c","1.304"
"ET","Temperature change on land","528","Netherlands (Kingdom of the)","7271","Temperature change","7020","Meteorological year","2022","2022","°c","2.588"
"ET","Temperature change on land","528","Netherlands (Kingdom of the)","7271","Temperature change","7020","Meteorological year","2023","2023","°c","2.331"
"ET","Temperature change on land","807","North Macedonia","7271","Temperature change","7020","Meteorological year","2013","2013","°c","1.428"
"ET","Temperature change on land","807","North Macedonia","7271","Temperature change","7020","Meteorological year","2014","2014","°c","1.341"
"ET","Temperature change on land","807","North Macedonia","7271","Temperature change","7020","Meteorological year","2015","2015","°c","1.528"
"ET","Temperature change on land","807","North Macedonia","7271","Temperature change","7020","Meteorological year","2016","2016","°c","1.703"
"ET","Temperature change on land","807","North Macedonia","7271","Temperature change","7020","Meteorological year","2017","2017","°c","1.121"
"ET","Temperature change on land","807","North Macedonia","7271","Temperature change","7020","Meteorological year","2018","2018","°c","2.133"
"ET","Temperature change on land","807","North Macedonia","7271","Temperature change","7020","Meteorological year","2019","2019","°c","1.888"
"ET","Temperature change on land","807","North Macedonia","7271","Temperature change","7020","Meteorological year","2020","2020","°c","1.589"
"ET","Temperature change on land","807","North Macedonia","7271","Temperature change","7020","Meteorological year","2021","2021","°c","1.709"
"ET","Temperature change on land","807","North Macedonia","7271","Temperature change","7020","Meteorological year","2022","2022","°c","1.563"
"ET","Temperature change on land","807","North Macedonia","7271","Temperature change","7020","Meteorological year","2023","2023","°c","2.392"
"ET","Temperature change on land","578","Norway","7271","Temperature change","7020","Meteorological year","2013","2013","°c","0.787"
"ET","Temperature change on land","578","Norway","7271","Temperature change","7020","Meteorological year","2014","2014","°c","2.405"
"ET","Temperature change on land","578","Norway","7271","Temperature change","7020","Meteorological year","2015","2015","°c","1.771"
"ET","Temperature change on land","578","Norway","7271","Temperature change","7020","Meteorological year","2016","2016","°c","1.709"
"ET","Temperature change on land","578","Norway","7271","Temperature change","7020","Meteorological year","2017","2017","°c","1.542"
"ET","Temperature change on land","578","Norway","7271","Temperature change","7020","Meteorological year","2018","2018","°c","1.481"
"ET","Temperature change on land","578","Norway","7271","Temperature change","7020","Meteorological year","2019","2019","°c","1.188"
"ET","Temperature change on land","578","Norway","7271","Temperature change","7020","Meteorological year","2020","2020","°c","2.37"
"ET","Temperature change on land","578","Norway","7271","Temperature change","7020","Meteorological year","2021","2021","°c","1.489"
"ET","Temperature change on land","578","Norway","7271","Temperature change","7020","Meteorological year","2022","2022","°c","1.895"
"ET","Temperature change on land","578","Norway","7271","Temperature change","7020","Meteorological year","2023","2023","°c","1.194"
"ET","Temperature change on land","616","Poland","7271","Temperature change","7020","Meteorological year","2013","2013","°c","0.65"
"ET","Temperature change on land","616","Poland","7271","Temperature change","7020","Meteorological year","2014","2014","°c","2.366"
"ET","Temperature change on land","616","Poland","7271","Temperature change","7020","Meteorological year","2015","2015","°c","1.996"
"ET","Temperature change on land","616","Poland","7271","Temperature change","7020","Meteorological year","2016","2016","°c","2.04"
"ET","Temperature change on land","616","Poland","7271","Temperature change","7020","Meteorological year","2017","2017","°c","1.461"
"ET","Temperature change on land","616","Poland","7271","Temperature change","7020","Meteorological year","2018","2018","°c","2.424"
"ET","Temperature change on land","616","Poland","7271","Temperature change","7020","Meteorological year","2019","2019","°c","2.637"
"ET","Temperature change on land","616","Poland","7271","Temperature change","7020","Meteorological year","2020","2020","°c","2.666"
"ET","Temperature change on land","616","Poland","7271","Temperature change","7020","Meteorological year","2021","2021","°c","1.448"
"ET","Temperature change on land","616","Poland","7271","Temperature change","7020","Meteorological year","2022","2022","°c","2.036"
"ET","Temperature change on land","616","Poland","7271","Temperature change","7020","Meteorological year","2023","2023","°c","2.465"
"ET","Temperature change on land","620","Portugal","7271","Temperature change","7020","Meteorological year","2013","2013","°c","0.828"
"ET","Temperature change on land","620","Portugal","7271","Temperature change","7020","Meteorological year","2014","2014","°c","1.247"
"ET","Temperature change on land","620","Portugal","7271","Temperature change","7020","Meteorological year","2015","2015","°c","1.292"
"ET","Temperature change on land","620","Portugal","7271","Temperature change","7020","Meteorological year","2016","2016","°c","1.584"
"ET","Temperature change on land","620","Portugal","7271","Temperature change","7020","Meteorological year","2017","2017","°c","2.028"
"ET","Temperature change on land","620","Portugal","7271","Temperature change","7020","Meteorological year","2018","2018","°c","0.782"
"ET","Temperature change on land","620","Portugal","7271","Temperature change","7020","Meteorological year","2019","2019","°c","1.169"
"ET","Temperature change on land","620","Portugal","7271","Temperature change","7020","Meteorological year","2020","2020","°c","1.868"
"ET","Temperature change on land","620","Portugal","7271","Temperature change","7020","Meteorological year","2021","2021","°c","1.101"
"ET","Temperature change on land","620","Portugal","7271","Temperature change","7020","Meteorological year","2022","2022","°c","2.141"
"ET","Temperature change on land","620","Portugal","7271","Temperature change","7020","Meteorological year","2023","2023","°c","2.414"
"ET","Temperature change on land","498","Republic of Moldova","7271","Temperature change","7020","Meteorological year","2013","2013","°c","1.26"
"ET","Temperature change on land","498","Republic of Moldova","7271","Temperature change","7020","Meteorological year","2014","2014","°c","1.349"
"ET","Temperature change on land","498","Republic of Moldova","7271","Temperature change","7020","Meteorological year","2015","2015","°c","1.942"
"ET","Temperature change on land","498","Republic of Moldova","7271","Temperature change","7020","Meteorological year","2016","2016","°c","2.028"
"ET","Temperature change on land","498","Republic of Moldova","7271","Temperature change","7020","Meteorological year","2017","2017","°c","1.348"
"ET","Temperature change on land","498","Republic of Moldova","7271","Temperature change","7020","Meteorological year","2018","2018","°c","2.012"
"ET","Temperature change on land","498","Republic of Moldova","7271","Temperature change","7020","Meteorological year","2019","2019","°c","2.32"
"ET","Temperature change on land","498","Republic of Moldova","7271","Temperature change","7020","Meteorological year","2020","2020","°c","3.083"
"ET","Temperature change on land","498","Republic of Moldova","7271","Temperature change","7020","Meteorological year","2021","2021","°c","1.283"
"ET","Temperature change on land","498","Republic of Moldova","7271","Temperature change","7020","Meteorological year","2022","2022","°c","2.126"
"ET","Temperature change on land","498","Republic of Moldova","7271","Temperature change","7020","Meteorological year","2023","2023","°c","3.014"
"ET","Temperature change on land","642","Romania","7271","Temperature change","7020","Meteorological year","2013","2013","°c","1.365"
"ET","Temperature change on land","642","Romania","7271","Temperature change","7020","Meteorological year","2014","2014","°c","1.539"
"ET","Temperature change on land","642","Romania","7271","Temperature change","7020","Meteorological year","2015","2015","°c","1.788"
"ET","Temperature change on land","642","Romania","7271","Temperature change","7020","Meteorological year","2016","2016","°c","1.869"
"ET","Temperature change on land","642","Romania","7271","Temperature change","7020","Meteorological year","2017","2017","°c","1.145"
"ET","Temperature change on land","642","Romania","7271","Temperature change","7020","Meteorological year","2018","2018","°c","2.249"
"ET","Temperature change on land","642","Romania","7271","Temperature change","7020","Meteorological year","2019","2019","°c","2.231"
"ET","Temperature change on land","642","Romania","7271","Temperature change","7020","Meteorological year","2020","2020","°c","2.233"
"ET","Temperature change on land","642","Romania","7271","Temperature change","7020","Meteorological year","2021","2021","°c","1.399"
"ET","Temperature change on land","642","Romania","7271","Temperature change","7020","Meteorological year","2022","2022","°c","1.915"
"ET","Temperature change on land","642","Romania","7271","Temperature change","7020","Meteorological year","2023","2023","°c","2.662"
"ET","Temperature change on land","643","Russian Federation","7271","Temperature change","7020","Meteorological year","2013","2013","°c","1.149"
"ET","Temperature change on land","643","Russian Federation","7271","Temperature change","7020","Meteorological year","2014","2014","°c","1.742"
"ET","Temperature change on land","643","Russian Federation","7271","Temperature change","7020","Meteorological year","2015","2015","°c","2.233"
"ET","Temperature change on land","643","Russian Federation","7271","Temperature change","7020","Meteorological year","2016","2016","°c","2.444"
"ET","Temperature change on land","643","Russian Federation","7271","Temperature change","7020","Meteorological year","2017","2017","°c","2.114"
"ET","Temperature change on land","643","Russian Federation","7271","Temperature change","7020","Meteorological year","2018","2018","°c","2.032"
"ET","Temperature change on land","643","Russian Federation","7271","Temperature change","7020","Meteorological year","2019","2019","°c","2.178"
"ET","Temperature change on land","643","Russian Federation","7271","Temperature change","7020","Meteorological year","2020","2020","°c","3.684"
"ET","Temperature change on land","643","Russian Federation","7271","Temperature change","7020","Meteorological year","2021","2021","°c","1.629"
"ET","Temperature change on land","643","Russian Federation","7271","Temperature change","7020","Meteorological year","2022","2022","°c","2.268"
"ET","Temperature change on land","643","Russian Federation","7271","Temperature change","7020","Meteorological year","2023","2023","°c","2.508"
"ET","Temperature change on land","674","San Marino","7271","Temperature change","7020","Meteorological year","2013","2013","°c","1.015"
"ET","Temperature change on land","674","San Marino","7271","Temperature change","7020","Meteorological year","2014","2014","°c","1.562"
"ET","Temperature change on land","674","San Marino","7271","Temperature change","7020","Meteorological year","2015","2015","°c","1.774"
"ET","Temperature change on land","674","San Marino","7271","Temperature change","7020","Meteorological year","2016","2016","°c","1.717"
"ET","Temperature change on land","674","San Marino","7271","Temperature change","7020","Meteorological year","2017","2017","°c","1.643"
"ET","Temperature change on land","674","San Marino","7271","Temperature change","7020","Meteorological year","2018","2018","°c","1.899"
"ET","Temperature change on land","674","San Marino","7271","Temperature change","7020","Meteorological year","2019","2019","°c","1.715"
"ET","Temperature change on land","674","San Marino","7271","Temperature change","7020","Meteorological year","2020","2020","°c","1.886"
"ET","Temperature change on land","674","San Marino","7271","Temperature change","7020","Meteorological year","2021","2021","°c","1.446"
"ET","Temperature change on land","674","San Marino","7271","Temperature change","7020","Meteorological year","2022","2022","°c","2.022"
"ET","Temperature change on land","674","San Marino","7271","Temperature change","7020","Meteorological year","2023","2023","°c","2.245"
"ET","Temperature change on land","688","Serbia","7271","Temperature change","7020","Meteorological year","2013","2013","°c","1.43"
"ET","Temperature change on land","688","Serbia","7271","Temperature change","7020","Meteorological year","2014","2014","°c","1.616"
"ET","Temperature change on land","688","Serbia","7271","Temperature change","7020","Meteorological year","2015","2015","°c","1.748"
"ET","Temperature change on land","688","Serbia","7271","Temperature change","7020","Meteorological year","2016","2016","°c","1.703"
"ET","Temperature change on land","688","Serbia","7271","Temperature change","7020","Meteorological year","2017","2017","°c","1.274"
"ET","Temperature change on land","688","Serbia","7271","Temperature change","7020","Meteorological year","2018","2018","°c","2.313"
"ET","Temperature change on land","688","Serbia","7271","Temperature change","7020","Meteorological year","2019","2019","°c","2.084"
"ET","Temperature change on land","688","Serbia","7271","Temperature change","7020","Meteorological year","2020","2020","°c","1.822"
"ET","Temperature change on land","688","Serbia","7271","Temperature change","7020","Meteorological year","2021","2021","°c","1.607"
"ET","Temperature change on land","688","Serbia","7271","Temperature change","7020","Meteorological year","2022","2022","°c","1.961"
"ET","Temperature change on land","688","Serbia","7271","Temperature change","7020","Meteorological year","2023","2023","°c","2.561"
"ET","Temperature change on land","703","Slovakia","7271","Temperature change","7020","Meteorological year","2013","2013","°c","0.953"
"ET","Temperature change on land","703","Slovakia","7271","Temperature change","7020","Meteorological year","2014","2014","°c","2.353"
"ET","Temperature change on land","703","Slovakia","7271","Temperature change","7020","Meteorological year","2015","2015","°c","2.093"
"ET","Temperature change on land","703","Slovakia","7271","Temperature change","7020","Meteorological year","2016","2016","°c","1.937"
"ET","Temperature change on land","703","Slovakia","7271","Temperature change","7020","Meteorological year","2017","2017","°c","1.256"
"ET","Temperature change on land","703","Slovakia","7271","Temperature change","7020","Meteorological year","2018","2018","°c","2.529"
"ET","Temperature change on land","703","Slovakia","7271","Temperature change","7020","Meteorological year","2019","2019","°c","2.4"
"ET","Temperature change on land","703","Slovakia","7271","Temperature change","7020","Meteorological year","2020","2020","°c","2.024"
"ET","Temperature change on land","703","Slovakia","7271","Temperature change","7020","Meteorological year","2021","2021","°c","1.266"
"ET","Temperature change on land","703","Slovakia","7271","Temperature change","7020","Meteorological year","2022","2022","°c","1.992"
"ET","Temperature change on land","703","Slovakia","7271","Temperature change","7020","Meteorological year","2023","2023","°c","2.421"
"ET","Temperature change on land","705","Slovenia","7271","Temperature change","7020","Meteorological year","2013","2013","°c","1.265"
"ET","Temperature change on land","705","Slovenia","7271","Temperature change","7020","Meteorological year","2014","2014","°c","2.463"
"ET","Temperature change on land","705","Slovenia","7271","Temperature change","7020","Meteorological year","2015","2015","°c","2.158"
"ET","Temperature change on land","705","Slovenia","7271","Temperature change","7020","Meteorological year","2016","2016","°c","2.079"
"ET","Temperature change on land","705","Slovenia","7271","Temperature change","7020","Meteorological year","2017","2017","°c","1.756"
"ET","Temperature change on land","705","Slovenia","7271","Temperature change","7020","Meteorological year","2018","2018","°c","2.45"
"ET","Temperature change on land","705","Slovenia","7271","Temperature change","7020","Meteorological year","2019","2019","°c","2.376"
"ET","Temperature change on land","705","Slovenia","7271","Temperature change","7020","Meteorological year","2020","2020","°c","2.268"
"ET","Temperature change on land","705","Slovenia","7271","Temperature change","7020","Meteorological year","2021","2021","°c","1.583"
"ET","Temperature change on land","705","Slovenia","7271","Temperature change","7020","Meteorological year","2022","2022","°c","2.553"
"ET","Temperature change on land","705","Slovenia","7271","Temperature change","7020","Meteorological year","2023","2023","°c","2.638"
"ET","Temperature change on land","724","Spain","7271","Temperature change","7020","Meteorological year","2013","2013","°c","0.84"
"ET","Temperature change on land","724","Spain","7271","Temperature change","7020","Meteorological year","2014","2014","°c","1.524"
"ET","Temperature change on land","724","Spain","7271","Temperature change","7020","Meteorological year","2015","2015","°c","1.443"
"ET","Temperature change on land","724","Spain","7271","Temperature change","7020","Meteorological year","2016","2016","°c","1.628"
"ET","Temperature change on land","724","Spain","7271","Temperature change","7020","Meteorological year","2017","2017","°c","1.95"
"ET","Temperature change on land","724","Spain","7271","Temperature change","7020","Meteorological year","2018","2018","°c","1.058"
"ET","Temperature change on land","724","Spain","7271","Temperature change","7020","Meteorological year","2019","2019","°c","1.437"
"ET","Temperature change on land","724","Spain","7271","Temperature change","7020","Meteorological year","2020","2020","°c","1.976"
"ET","Temperature change on land","724","Spain","7271","Temperature change","7020","Meteorological year","2021","2021","°c","1.314"
"ET","Temperature change on land","724","Spain","7271","Temperature change","7020","Meteorological year","2022","2022","°c","2.368"
"ET","Temperature change on land","724","Spain","7271","Temperature change","7020","Meteorological year","2023","2023","°c","2.525"
"ET","Temperature change on land","744","Svalbard and Jan Mayen Islands","7271","Temperature change","7020","Meteorological year","2013","2013","°c","2.27"
"ET","Temperature change on land","744","Svalbard and Jan Mayen Islands","7271","Temperature change","7020","Meteorological year","2014","2014","°c","3.381"
"ET","Temperature change on land","744","Svalbard and Jan Mayen Islands","7271","Temperature change","7020","Meteorological year","2015","2015","°c","3.312"
"ET","Temperature change on land","744","Svalbard and Jan Mayen Islands","7271","Temperature change","7020","Meteorological year","2016","2016","°c","5.326"
"ET","Temperature change on land","744","Svalbard and Jan Mayen Islands","7271","Temperature change","7020","Meteorological year","2017","2017","°c","3.334"
"ET","Temperature change on land","744","Svalbard and Jan Mayen Islands","7271","Temperature change","7020","Meteorological year","2018","2018","°c","4.064"
"ET","Temperature change on land","744","Svalbard and Jan Mayen Islands","7271","Temperature change","7020","Meteorological year","2019","2019","°c","2.87"
"ET","Temperature change on land","744","Svalbard and Jan Mayen Islands","7271","Temperature change","7020","Meteorological year","2020","2020","°c","2.001"
"ET","Temperature change on land","744","Svalbard and Jan Mayen Islands","7271","Temperature change","7020","Meteorological year","2021","2021","°c","3.011"
"ET","Temperature change on land","744","Svalbard and Jan Mayen Islands","7271","Temperature change","7020","Meteorological year","2022","2022","°c","3.511"
"ET","Temperature change on land","744","Svalbard and Jan Mayen Islands","7271","Temperature change","7020","Meteorological year","2023","2023","°c","3.577"
"ET","Temperature change on land","752","Sweden","7271","Temperature change","7020","Meteorological year","2013","2013","°c","0.855"
"ET","Temperature change on land","752","Sweden","7271","Temperature change","7020","Meteorological year","2014","2014","°c","2.69"
"ET","Temperature change on land","752","Sweden","7271","Temperature change","7020","Meteorological year","2015","2015","°c","2.059"
"ET","Temperature change on land","752","Sweden","7271","Temperature change","7020","Meteorological year","2016","2016","°c","1.829"
"ET","Temperature change on land","752","Sweden","7271","Temperature change","7020","Meteorological year","2017","2017","°c","1.575"
"ET","Temperature change on land","752","Sweden","7271","Temperature change","7020","Meteorological year","2018","2018","°c","1.833"
"ET","Temperature change on land","752","Sweden","7271","Temperature change","7020","Meteorological year","2019","2019","°c","1.556"
"ET","Temperature change on land","752","Sweden","7271","Temperature change","7020","Meteorological year","2020","2020","°c","2.935"
"ET","Temperature change on land","752","Sweden","7271","Temperature change","7020","Meteorological year","2021","2021","°c","1.838"
"ET","Temperature change on land","752","Sweden","7271","Temperature change","7020","Meteorological year","2022","2022","°c","2.119"
"ET","Temperature change on land","752","Sweden","7271","Temperature change","7020","Meteorological year","2023","2023","°c","1.463"
"ET","Temperature change on land","756","Switzerland","7271","Temperature change","7020","Meteorological year","2013","2013","°c","0.807"
"ET","Temperature change on land","756","Switzerland","7271","Temperature change","7020","Meteorological year","2014","2014","°c","2.209"
"ET","Temperature change on land","756","Switzerland","7271","Temperature change","7020","Meteorological year","2015","2015","°c","2.015"
"ET","Temperature change on land","756","Switzerland","7271","Temperature change","7020","Meteorological year","2016","2016","°c","1.904"
"ET","Temperature change on land","756","Switzerland","7271","Temperature change","7020","Meteorological year","2017","2017","°c","1.884"
"ET","Temperature change on land","756","Switzerland","7271","Temperature change","7020","Meteorological year","2018","2018","°c","2.393"
"ET","Temperature change on land","756","Switzerland","7271","Temperature change","7020","Meteorological year","2019","2019","°c","2.155"
"ET","Temperature change on land","756","Switzerland","7271","Temperature change","7020","Meteorological year","2020","2020","°c","2.576"
"ET","Temperature change on land","756","Switzerland","7271","Temperature change","7020","Meteorological year","2021","2021","°c","1.242"
"ET","Temperature change on land","756","Switzerland","7271","Temperature change","7020","Meteorological year","2022","2022","°c","2.915"
"ET","Temperature change on land","756","Switzerland","7271","Temperature change","7020","Meteorological year","2023","2023","°c","2.827"
"ET","Temperature change on land","804","Ukraine","7271","Temperature change","7020","Meteorological year","2013","2013","°c","1.501"
"ET","Temperature change on land","804","Ukraine","7271","Temperature change","7020","Meteorological year","2014","2014","°c","1.694"
"ET","Temperature change on land","804","Ukraine","7271","Temperature change","7020","Meteorological year","2015","2015","°c","2.06"
"ET","Temperature change on land","804","Ukraine","7271","Temperature change","7020","Meteorological year","2016","2016","°c","2.098"
"ET","Temperature change on land","804","Ukraine","7271","Temperature change","7020","Meteorological year","2017","2017","°c","1.401"
"ET","Temperature change on land","804","Ukraine","7271","Temperature change","7020","Meteorological year","2018","2018","°c","2.22"
"ET","Temperature change on land","804","Ukraine","7271","Temperature change","7020","Meteorological year","2019","2019","°c","2.353"
"ET","Temperature change on land","804","Ukraine","7271","Temperature change","7020","Meteorological year","2020","2020","°c","3.096"
"ET","Temperature change on land","804","Ukraine","7271","Temperature change","7020","Meteorological year","2021","2021","°c","1.418"
"ET","Temperature change on land","804","Ukraine","7271","Temperature change","7020","Meteorological year","2022","2022","°c","1.91"
"ET","Temperature change on land","804","Ukraine","7271","Temperature change","7020","Meteorological year","2023","2023","°c","2.795"
"ET","Temperature change on land","826","United Kingdom of Great Britain and Northern Ireland","7271","Temperature change","7020","Meteorological year","2013","2013","°c","0.359"
"ET","Temperature change on land","826","United Kingdom of Great Britain and Northern Ireland","7271","Temperature change","7020","Meteorological year","2014","2014","°c","1.704"
"ET","Temperature change on land","826","United Kingdom of Great Britain and Northern Ireland","7271","Temperature change","7020","Meteorological year","2015","2015","°c","0.594"
"ET","Temperature change on land","826","United Kingdom of Great Britain and Northern Ireland","7271","Temperature change","7020","Meteorological year","2016","2016","°c","1.149"
"ET","Temperature change on land","826","United Kingdom of Great Britain and Northern Ireland","7271","Temperature change","7020","Meteorological year","2017","2017","°c","1.412"
"ET","Temperature change on land","826","United Kingdom of Great Britain and Northern Ireland","7271","Temperature change","7020","Meteorological year","2018","2018","°c","0.988"
"ET","Temperature change on land","826","United Kingdom of Great Britain and Northern Ireland","7271","Temperature change","7020","Meteorological year","2019","2019","°c","1.222"
"ET","Temperature change on land","826","United Kingdom of Great Britain and Northern Ireland","7271","Temperature change","7020","Meteorological year","2020","2020","°c","1.369"
"ET","Temperature change on land","826","United Kingdom of Great Britain and Northern Ireland","7271","Temperature change","7020","Meteorological year","2021","2021","°c","0.927"
"ET","Temperature change on land","826","United Kingdom of Great Britain and Northern Ireland","7271","Temperature change","7020","Meteorological year","2022","2022","°c","1.911"
"ET","Temperature change on land","826","United Kingdom of Great Britain and Northern Ireland","7271","Temperature change","7020","Meteorological year","2023","2023","°c","1.477"
